{"cameraMode":{"drawMode":0,"name":"Shaded","section":"Shading Mode"},"sceneLighting":true,"audioPlay":false,"sceneViewState":{"m_AlwaysRefresh":false,"showFog":true,"showSkybox":true,"showFlares":true,"showImageEffects":true,"showParticleSystems":true,"showVisualEffectGraphs":true,"m_FxEnabled":true},"in2DMode":false,"pivot":{"x":0.19839350879192353,"y":1.7694458961486817,"z":5.008354663848877},"rotation":{"x":0.017189186066389085,"y":0.008096572943031788,"z":0.00013865303480997682,"w":-0.999832808971405},"size":9.093695640563965,"orthographic":false}